{"cdata":{"S":1,"mu":3.0034544467926025,"si":2.209092617034912,"so":2.086111545562744},"colors":[[0.35912638902664185,0.6604844331741333,0.5730783343315125],[0.5491214990615845,0.5006358623504639,0.6285877823829651],[0.525114119052887,0.5794638991355896,0.3475818336009979],[0.3878283202648163,0.6317765712738037,0.5535504221916199],[0.5577133297920227,0.6588420271873474,0.3035490810871124],[0.5154911875724792,0.6177311539649963,0.6779226064682007],[0.6592059135437012,0.6849523186683655,0.3576448857784271],[0.5091991424560547,0.6136011481285095,0.6603331565856934],[0.5518354177474976,0.6465619802474976,0.735487699508667],[0.37830930948257446,0.28287333250045776,0.6671923995018005]],"dimorphism":[0.9769598841667175,0.9950303435325623,0.021546578034758568,0.01764235645532608,0.9769598841667175,0.0,0.699999988079071,0.001811219728551805],"gen":{"f":{"g":4294967295,"s":4294967295},"m":{"g":0,"s":4294967295},"s":{"g":2,"s":4294967295}},"mature":0.278179407119751,"maxCS":1.776939868927002,"minCS":0.13606569170951843,"old":0.6409878730773926,"splines":[{"data":[0.3456580340862274,-0.9765444993972778,0.17568176984786987,0.03926299512386322,-0.17066974937915802,0.9436876773834229,-0.09359599649906158,0.05604618415236473,0.02014917880296707,0.15152643620967865]},{"data":[0.6668787598609924,-0.5792211890220642,0.2225838601589203,0.22135581076145172,-0.1877407729625702,0.750597357749939,0.46330586075782776,0.13791726529598236,0.11713643372058868,0.04010875150561333]},{"data":[2.0709121227264404,0.03744738921523094,0.866666853427887,0.13863259553909302,-0.5271345973014832,0.8976386189460754,-0.7151290774345398,0.2058807760477066,0.11950180679559708,0.11568373441696167]},{"data":[1.8433235883712769,-1.1417902708053589,0.37078776955604553,0.29062384366989136,0.08180095255374908,0.7599941492080688,-0.07992309331893921,0.07975202798843384,0.15004850924015045,0.025190331041812897]}],"vision":{"angleBody":0.25092971324920654,"angleRelative":-0.771035373210907,"precision":1,"width":0.24580228328704834}}