{"cdata":{"S":0,"mu":7.147302150726318,"si":1.0383820533752441,"so":1.4033111333847046},"colors":[[0.4617047607898712,0.4552691578865051,0.6166160702705383],[0.7308270335197449,0.5902851819992065,0.4275394082069397],[0.6037508249282837,0.4625382423400879,0.5864074230194092],[0.5361267924308777,0.31862083077430725,0.33293575048446655],[0.47626793384552,0.2624683380126953,0.48153018951416016],[0.7233653664588928,0.3320556581020355,0.5397401452064514],[0.7192631959915161,0.6107679009437561,0.3984294831752777],[0.6173916459083557,0.47298377752304077,0.5935561656951904],[0.5115494728088379,0.3040536940097809,0.3303416967391968],[0.48240694403648376,0.2547508776187897,0.45080628991127014]],"dimorphism":[0.9867099523544312,0.009216299280524254,0.012492377310991287,0.9354282021522522,0.9867099523544312,0.004275997169315815,0.012492377310991287,0.9354282021522522],"gen":{"f":{"g":4294967295,"s":4294967295},"m":{"g":0,"s":4294967295},"s":{"g":1,"s":4294967295}},"mature":0.44536861777305603,"maxCS":1.9315158128738403,"minCS":0.8831442594528198,"old":0.5539327263832092,"splines":[{"data":[1.4206855297088623,-0.7006142735481262,0.01842925138771534,0.4148152768611908,-0.5994376540184021,0.5049009919166565,-0.19538234174251556,0.08940305560827255,0.20687945187091827,0.05988498404622078]},{"data":[2.7561044692993164,1.5039775371551514,0.02941684052348137,0.35578545928001404,0.3872239589691162,0.9707900285720825,-0.07488520443439484,0.013985094614326954,0.09645435959100723,0.06460557132959366]},{"data":[0.6397151350975037,-0.20136398077011108,0.2773591876029968,0.20950500667095184,0.1506272554397583,0.9353213906288147,0.4838210344314575,0.08481481671333313,0.037353962659835815,0.022410999983549118]},{"data":[1.2757388353347778,-0.30031517148017883,0.350119948387146,0.35928991436958313,0.19001738727092743,0.9425116777420044,-0.2600027024745941,0.03206494823098183,0.10853448510169983,0.09812405705451965]}],"vision":{"angleBody":0.20296110212802887,"angleRelative":-0.2972395718097687,"precision":2,"width":0.8069942593574524}}