{"cdata":{"S":0,"mu":7.669033050537109,"si":1.6967777013778687,"so":0.48293980956077576},"colors":[[0.5347570180892944,0.6994813680648804,0.5452053546905518],[0.6469473838806152,0.43323564529418945,0.6541742086410522],[0.38595083355903625,0.7328049540519714,0.5157850384712219],[0.42133766412734985,0.6841481328010559,0.4583236575126648],[0.7369399666786194,0.4517611265182495,0.6673892736434937],[0.529081404209137,0.5977287888526917,0.7223063111305237],[0.651029646396637,0.4453136920928955,0.6374661922454834],[0.3729947805404663,0.729060709476471,0.4862152636051178],[0.36532318592071533,0.7142988443374634,0.4581587612628937],[0.7181000709533691,0.48454493284225464,0.6709794402122498]],"dimorphism":[0.9817323088645935,0.9191465973854065,1.0,0.9934979677200317,0.9660738706588745,0.9908092617988586,0.9760440587997437,1.0],"gen":{"f":{"g":4294967295,"s":4294967295},"m":{"g":0,"s":4294967295},"s":{"g":1,"s":4294967295}},"mature":0.48308244347572327,"maxCS":1.4867537021636963,"minCS":0.41878563165664673,"old":0.5567605495452881,"splines":[{"data":[1.6916452646255493,0.19160939753055573,0.12721899151802063,0.13060739636421204,-0.21951952576637268,0.6731661558151245,0.6112803816795349,0.12061784416437149,0.015330107882618904,0.03755989298224449]},{"data":[1.0802161693572998,-1.4360237121582031,0.047527071088552475,0.28633177280426025,-0.9808327555656433,0.6401833891868591,-0.21442899107933044,0.2772565484046936,0.18577773869037628,0.21141581237316132]},{"data":[1.0780611038208008,-0.795681893825531,0.018093638122081757,0.05262669920921326,-0.20108234882354736,0.476044237613678,-0.028129149228334427,0.031145542860031128,0.25192829966545105,0.22192350029945374]},{"data":[1.3229817152023315,-1.3043957948684692,0.5472169518470764,0.2897607386112213,-0.3115495443344116,0.8140820860862732,0.10678673535585403,0.006510581821203232,0.045176707208156586,0.050460636615753174]}],"vision":{"angleBody":0.2510026693344116,"angleRelative":-0.1946438103914261,"precision":4,"width":0.43637725710868835}}