{"cdata":{"S":0,"mu":0.8292452692985535,"si":1.661806344985962,"so":1.9536569118499756},"colors":[[0.40825971961021423,0.3681773543357849,0.41578516364097595],[0.4913097620010376,0.5726555585861206,0.7410862445831299],[0.5837662816047668,0.7093512415885925,0.6452164649963379],[0.6486572027206421,0.6733850240707397,0.7080225348472595],[0.3107110261917114,0.5405954122543335,0.6799267530441284],[0.40825971961021423,0.3647693693637848,0.41788390278816223],[0.5830918550491333,0.6956328749656677,0.641462504863739],[0.5830918550491333,0.6956328749656677,0.641462504863739],[0.6486572027206421,0.6743822693824768,0.7090705633163452],[0.2794322967529297,0.5256987810134888,0.6885142922401428]],"dimorphism":[0.9759608507156372,0.00015745470591355115,1.0,0.948178768157959,0.9834597706794739,0.004041916690766811,0.0059346905909478664,0.948178768157959],"gen":{"f":{"g":4294967295,"s":4294967295},"m":{"g":0,"s":4294967295},"s":{"g":1,"s":4294967295}},"mature":0.30120962858200073,"maxCS":1.1417431831359863,"minCS":0.010006136260926723,"old":0.5271044373512268,"splines":[{"data":[0.3376908302307129,0.833364725112915,0.01281268335878849,0.2786601185798645,-0.45372307300567627,0.7391578555107117,-0.5224577784538269,0.11690694838762283,0.011845030821859837,0.04294370859861374]},{"data":[1.3785138130187988,-0.26440349221229553,0.013482924550771713,0.007815852761268616,-0.5626630783081055,0.6904952526092529,-0.0029944423586130142,0.021560441702604294,0.06764873117208481,0.0319887138903141]},{"data":[2.7154486179351807,-0.7907466888427734,0.03226524218916893,0.2136407196521759,0.3110930323600769,0.8029715418815613,-0.42913979291915894,0.09162243455648422,0.0748857632279396,0.09390614926815033]},{"data":[1.6148312091827393,0.9066739082336426,0.40616223216056824,0.09277321398258209,0.5366439819335938,0.5481447577476501,-0.2626015543937683,0.14705534279346466,0.006759059615433216,0.04272180795669556]}],"vision":{"angleBody":0.2207363396883011,"angleRelative":-0.2748674750328064,"precision":0,"width":0.42970192432403564}}