{"cdata":{"S":0,"mu":3.4625868797302246,"si":1.8743233680725098,"so":1.3682260513305664},"colors":[[0.5898633599281311,0.2980813980102539,0.5043586492538452],[0.5116882920265198,0.5335554480552673,0.6804749369621277],[0.5097488760948181,0.5335554480552673,0.682103157043457],[0.614263117313385,0.6857072114944458,0.6887363791465759],[0.3352561891078949,0.6638220548629761,0.35303646326065063],[0.4751215875148773,0.5123163461685181,0.6732574105262756],[0.4283760190010071,0.6617588400840759,0.5605884790420532],[0.4751215875148773,0.5123163461685181,0.67373126745224],[0.45180949568748474,0.6844133734703064,0.5638701319694519],[0.3625709116458893,0.6627441048622131,0.34428685903549194]],"dimorphism":[0.011396126821637154,0.9927470088005066,0.984356164932251,0.029290728271007538,0.0035743701737374067,1.0,0.9681639075279236,0.02436530962586403],"gen":{"f":{"g":4294967295,"s":4294967295},"m":{"g":0,"s":4294967295},"s":{"g":1,"s":4294967295}},"mature":0.4741317927837372,"maxCS":1.6202284097671509,"minCS":0.35975614190101624,"old":0.5191041827201843,"splines":[{"data":[2.8333635330200195,-0.7345255613327026,0.3045109808444977,0.5428199172019958,0.3234272301197052,0.5502191781997681,0.6703243851661682,0.18998543918132782,0.04931192845106125,0.05385584756731987]},{"data":[2.3285973072052,0.3070460557937622,0.1603354662656784,0.134100079536438,-0.6440357565879822,0.8398268222808838,0.8273493051528931,0.12931929528713226,0.19949282705783844,0.013137180358171463]},{"data":[0.9745426774024963,0.6453620791435242,0.3398541510105133,0.07380246371030807,-0.7425890564918518,0.8391746878623962,0.9089865684509277,0.016129668802022934,0.07700536400079727,0.014714439399540424]},{"data":[0.4739435911178589,-0.6456790566444397,0.20912711322307587,0.12976227700710297,-0.05726119875907898,0.7490922808647156,0.8467329144477844,0.01379934698343277,0.18269048631191254,0.18174540996551514]}],"vision":{"angleBody":0.12259644269943237,"angleRelative":-0.24295711517333984,"precision":3,"width":0.777661144733429}}