{"cdata":{"S":0,"mu":0.731582760810852,"si":2.4558117389678955,"so":3.0725011825561523},"colors":[[0.4896259605884552,0.28602108359336853,0.426949679851532],[0.48554232716560364,0.2902493476867676,0.42225193977355957],[0.7303723692893982,0.6684702038764954,0.5289716124534607],[0.6397249698638916,0.6129934191703796,0.3592566251754761],[0.4075841009616852,0.29249924421310425,0.33012473583221436],[0.4896259605884552,0.28602108359336853,0.42345568537712097],[0.6605989336967468,0.7182237505912781,0.7353305220603943],[0.7243154644966125,0.686005711555481,0.49995529651641846],[0.6339576840400696,0.6362195014953613,0.38336095213890076],[0.4227214455604553,0.28273043036460876,0.326760470867157]],"dimorphism":[0.0826510339975357,0.994732141494751,1.0,0.9839028120040894,0.9916837811470032,0.9931303262710571,0.9090673327445984,0.9839028120040894],"gen":{"f":{"g":4294967295,"s":4294967295},"m":{"g":0,"s":4294967295},"s":{"g":1,"s":4294967295}},"mature":0.3210117816925049,"maxCS":1.7219692468643188,"minCS":0.7168906331062317,"old":0.7193726301193237,"splines":[{"data":[1.4286201000213623,-0.6030195355415344,0.14630280435085297,0.28894978761672974,0.36084359884262085,0.9782339930534363,-0.18057219684123993,0.0004082506929989904,0.07025344669818878,0.09764198213815689]},{"data":[0.12142480909824371,0.9417164325714111,0.2930232584476471,0.10072598606348038,-0.34441280364990234,0.8626939654350281,-0.5902700424194336,0.032261088490486145,0.07059741020202637,0.04726618900895119]},{"data":[0.9677537083625793,-0.7357257604598999,0.30671826004981995,0.36425527930259705,-0.5451758503913879,0.9958969354629517,0.9716096520423889,0.08085508644580841,0.08448905497789383,0.2268005609512329]},{"data":[0.27365562319755554,0.18028637766838074,0.22122152149677277,0.04867176339030266,-0.8317329287528992,0.7847325205802917,0.6996662616729736,0.16944880783557892,0.07116646319627762,0.10098385810852051]}],"vision":{"angleBody":0.36192572116851807,"angleRelative":-0.20281095802783966,"precision":3,"width":0.38991984724998474}}