{"cdata":{"S":0,"mu":2.4064202308654785,"si":1.885935664176941,"so":1.3693040609359741},"colors":[[0.28823143243789673,0.5767340660095215,0.2982269525527954],[0.7426353693008423,0.3479125201702118,0.714802086353302],[0.3163946270942688,0.45625039935112,0.38360995054244995],[0.41611331701278687,0.6403127312660217,0.6372188925743103],[0.6622774600982666,0.7106960415840149,0.7269474267959595],[0.2966323494911194,0.5928966403007507,0.30169931054115295],[0.6740092039108276,0.3274713456630707,0.7221524715423584],[0.3153019845485687,0.45625039935112,0.38962388038635254],[0.40814653038978577,0.6225124597549438,0.6415416598320007],[0.4993116557598114,0.606013834476471,0.5132579207420349]],"dimorphism":[0.025147244334220886,0.007159851491451263,0.9293223023414612,0.9854220151901245,0.025147244334220886,0.05375894904136658,0.9353091716766357,0.9917841553688049],"gen":{"f":{"g":4294967295,"s":4294967295},"m":{"g":0,"s":4294967295},"s":{"g":1,"s":4294967295}},"mature":0.3908902108669281,"maxCS":1.5717198848724365,"minCS":0.2270728498697281,"old":0.6499301195144653,"splines":[{"data":[1.2621119022369385,-0.48942309617996216,0.35943952202796936,0.11788930743932724,0.5878435373306274,0.8514870405197144,0.55672687292099,0.1393229067325592,0.004782464355230331,0.25977814197540283]},{"data":[0.553284764289856,0.5234274864196777,0.0478004552423954,0.5161735415458679,-0.7057020664215088,0.6544892191886902,-0.2372092306613922,0.027081914246082306,0.1069769337773323,0.1485253870487213]},{"data":[1.1226420402526855,0.21724830567836761,0.3550897538661957,0.5526502728462219,-0.8383517265319824,0.9084576964378357,-0.42100027203559875,0.09369299560785294,0.012933976948261261,0.2811649739742279]},{"data":[1.7620623111724854,1.0861494541168213,0.6262587904930115,0.15399838984012604,0.2926647961139679,0.8087195754051208,0.0773533508181572,0.06206819415092468,0.082267627120018,0.061343271285295486]}],"vision":{"angleBody":0.5115204453468323,"angleRelative":-0.13510410487651825,"precision":2,"width":0.5413478016853333}}